<?xml version="1.0" encoding="UTF-8"?><rss version="2.0"
	xmlns:content="http://purl.org/rss/1.0/modules/content/"
	xmlns:wfw="http://wellformedweb.org/CommentAPI/"
	xmlns:dc="http://purl.org/dc/elements/1.1/"
	xmlns:atom="http://www.w3.org/2005/Atom"
	xmlns:sy="http://purl.org/rss/1.0/modules/syndication/"
	xmlns:slash="http://purl.org/rss/1.0/modules/slash/"
	>

<channel>
	<title>cosimo &#8211; Viaggiperte.it</title>
	<atom:link href="http://localhost/esercitazione2/author/cosimo/feed/?simply_static_page=41" rel="self" type="application/rss+xml" />
	<link>./../../../index.html</link>
	<description></description>
	<lastBuildDate>Wed, 01 Mar 2023 16:34:24 +0000</lastBuildDate>
	<language>it-IT</language>
	<sy:updatePeriod>
	hourly	</sy:updatePeriod>
	<sy:updateFrequency>
	1	</sy:updateFrequency>
	<generator>https://wordpress.org/?v=6.1.1</generator>
	<item>
		<title>Ciao mondo!</title>
		<link>./../../../2023/03/01/ciao-mondo/index.html</link>
					<comments>./../../../2023/03/01/ciao-mondo/index.html#comments</comments>
		
		<dc:creator><![CDATA[cosimo]]></dc:creator>
		<pubDate>Wed, 01 Mar 2023 14:08:39 +0000</pubDate>
				<category><![CDATA[Vantaggi]]></category>
		<guid isPermaLink="false">./../../../index.html?p=1</guid>

					<description><![CDATA[-Perchè partire con noi?]]></description>
										<content:encoded><![CDATA[
<p>-Perchè partire con noi?</p>


<ul class="wp-block-categories-list wp-block-categories">	<li class="cat-item cat-item-4"><a href="./../../../category/vantaggi/index.html">Vantaggi</a>
</li>
</ul>]]></content:encoded>
					
					<wfw:commentRss>./../../../2023/03/01/ciao-mondo/feed/index.html</wfw:commentRss>
			<slash:comments>1</slash:comments>
		
		
			</item>
	</channel>
</rss>
